VendorName,Product,ProductCategory,cve_id,base_score,severity,published_date,description,match_method
Index Exchange,Index Exchange,Ad Exchanges,CVE-2002-0852,5.0,MEDIUM,2002-09-05,"Buffer overflows in Cisco Virtual Private Network (VPN) Client 3.5.4 and earlier allows remote attackers to cause a denial of service via (1) an Internet Key Exchange (IKE) with a large Security Parameter Index (SPI) payload, or (2) an IKE packet with a large number of valid payloads.",keyword_vendor_product
Index Exchange,Index Exchange,Ad Exchanges,CVE-2002-2223,5.1,MEDIUM,2002-12-31,"Buffer overflow in NetScreen-Remote 8.0 allows remote attackers to cause a denial of service and possibly execute arbitrary code via crafted Internet Key Exchange (IKE) response packets, possibly including (1) a large Security Parameter Index (SPI) field, (2) large number of payloads, or (3) a long payload.",keyword_vendor_product
Index Exchange,Index Exchange,Ad Exchanges,CVE-2002-2224,5.1,MEDIUM,2002-12-31,"Buffer overflow in PGPFreeware 7.03 running on Windows NT 4.0 SP6 allows remote attackers to cause a denial of service and possibly execute arbitrary code via crafted Internet Key Exchange (IKE) response packets, possibly including (1) a large Security Parameter Index (SPI) field, (2) large number of payloads, or (3) a long payload.",keyword_vendor_product
Index Exchange,Index Exchange,Ad Exchanges,CVE-2002-2225,5.1,MEDIUM,2002-12-31,"SafeNet VPN client allows remote attackers to cause a denial of service and possibly execute arbitrary code via crafted Internet Key Exchange (IKE) response packets, possibly involving buffer overflows using (1) a large Security Parameter Index (SPI) field, (2) a large number of payloads, or (3) a long payload.",keyword_vendor_product
Index Exchange,Index Exchange,Ad Exchanges,CVE-2003-1320,5.1,MEDIUM,2003-12-31,"SonicWALL firmware before 6.4.0.1 allows remote attackers to cause a denial of service and possibly execute arbitrary code via crafted Internet Key Exchange (IKE) response packets, possibly including (1) a large Security Parameter Index (SPI) field, (2) a large number of payloads, or (3) a long payload.",keyword_vendor_product
Index Exchange,Index Exchange,Ad Exchanges,CVE-2006-3607,4.3,MEDIUM,2006-07-18,"Multiple cross-site scripting (XSS) vulnerabilities in Softbiz Banner Exchange Script (aka Banner Exchange Network Script) 1.0 allow remote attackers to inject arbitrary web script or HTML via (1) the city parameter in (a) insertmember.php, and (2) a PHPSESSID cookie in (b) lostpassword.php, (c) gen_confirm_mem.php, and (d) index.php.",keyword_vendor_product
Index Exchange,Index Exchange,Ad Exchanges,CVE-2008-0429,7.5,HIGH,2008-01-23,SQL injection vulnerability in index.php in AlstraSoft Forum Pay Per Post Exchange 2.0 allows remote attackers to execute arbitrary SQL commands via the catid parameter in a forum_catview action.,keyword_vendor_product
Index Exchange,Index Exchange,Ad Exchanges,CVE-2008-3954,7.5,HIGH,2008-09-11,SQL injection vulnerability in index.php in AlstraSoft Forum Pay Per Post Exchange allows remote attackers to execute arbitrary SQL commands via the cat parameter in a showcat action.,keyword_vendor_product
Index Exchange,Index Exchange,Ad Exchanges,CVE-2009-4460,4.3,MEDIUM,2009-12-30,"Multiple cross-site scripting (XSS) vulnerabilities in Auto-Surf Traffic Exchange Script 1.1 allow remote attackers to inject arbitrary web script or HTML via the rid parameter to (1) index.php, (2) faq.php, and (3) register.php.",keyword_vendor_product
OpenX,OpenX,Ad Exchanges,CVE-2009-0291,7.5,HIGH,2009-01-27,Directory traversal vulnerability in fc.php in OpenX 2.6.3 allows remote attackers to include and execute arbitrary files via a .. (dot dot) in the MAX_type parameter.,virtualMatchString
OpenX,OpenX,Ad Exchanges,CVE-2008-6163,7.5,HIGH,2009-02-20,SQL injection vulnerability in www/delivery/ac.php in OpenX 2.6.1 allows remote attackers to execute arbitrary SQL commands via the bannerid parameter.,virtualMatchString
OpenX,OpenX,Ad Exchanges,CVE-2009-4098,6.0,MEDIUM,2009-11-29,"Unrestricted file upload vulnerability in banner-edit.php in OpenX adserver 2.8.1 and earlier allows remote authenticated users with banner / file upload permissions to execute arbitrary code by uploading a file with an executable extension, then accessing it via a direct request to the file in an images directory.",virtualMatchString
OpenX,OpenX,Ad Exchanges,CVE-2009-4830,7.5,HIGH,2010-04-27,"Unspecified vulnerability in OpenX 2.8.1 and 2.8.2 allows remote attackers to bypass authentication and obtain access to an Administrator account via unknown vectors, possibly related to www/admin/install.php, www/admin/install-plugins.php, and other www/admin/ files.",virtualMatchString
OpenX,OpenX,Ad Exchanges,CVE-2012-4989,4.3,MEDIUM,2012-10-22,Cross-site scripting (XSS) vulnerability in admin/plugin-index.php in OpenX 2.8.10 before revision 81823 allows remote attackers to inject arbitrary web script or HTML via the parent parameter in an info action.,virtualMatchString
OpenX,OpenX,Ad Exchanges,CVE-2012-4990,7.5,HIGH,2012-10-22,SQL injection vulnerability in admin/campaign-zone-link.php in OpenX 2.8.10 before revision 81823 allows remote attackers to execute arbitrary SQL commands via the ids[] parameter in a link action.,virtualMatchString
OpenX,OpenX,Ad Exchanges,CVE-2013-3515,4.3,MEDIUM,2013-07-29,Multiple cross-site scripting (XSS) vulnerabilities in OpenX Source 2.8.10 and earlier allow remote attackers to inject arbitrary web script or HTML via the (1) package parameter to www/admin/plugin-index.php or the (2) group parameter to www/admin/plugin-settings.php.,virtualMatchString
OpenX,OpenX,Ad Exchanges,CVE-2013-7149,7.5,HIGH,2013-12-28,"SQL injection vulnerability in www/delivery/axmlrpc.php (aka the XML-RPC delivery invocation script) in Revive Adserver before 3.0.2, and OpenX Source 2.8.11 and earlier, allows remote attackers to execute arbitrary SQL commands via the what parameter to an XML-RPC method.",virtualMatchString
OpenX,OpenX,Ad Exchanges,CVE-2013-5954,6.8,MEDIUM,2014-04-25,"Multiple cross-site request forgery (CSRF) vulnerabilities in OpenX 2.8.11 and earlier allow remote attackers to hijack the authentication of administrators for requests that delete (1) users via admin/agency-user-unlink.php, (2) advertisers via admin/advertiser-delete.php, (3) banners via admin/banner-delete.php, (4) campaigns via admin/campaign-delete.php, (5) channels via admin/channel-delete.php, (6) affiliate websites via admin/affiliate-delete.php, or (7) zones via admin/zone-delete.php.",virtualMatchString
OpenX,OpenX,Ad Exchanges,CVE-2013-3514,4.3,MEDIUM,2014-05-14,"Multiple directory traversal vulnerabilities in OpenX before 2.8.10 revision 82710 allow remote administrators to read arbitrary files via a .. (dot dot) in the group parameter to (1) plugin-preferences.php or (2) plugin-settings.php in www/admin, a different vulnerability than CVE-2013-7376.  NOTE: this can be leveraged using CSRF to allow remote unauthenticated attackers to read arbitrary files.",virtualMatchString
OpenX,OpenX,Ad Exchanges,CVE-2013-7376,6.8,MEDIUM,2014-05-14,"Multiple cross-site request forgery (CSRF) vulnerabilities in OpenX 2.8.10, possibly before revision 82710, allow remote attackers to hijack the authentication of administrators, as demonstrated by requests that conduct directory traversal attacks via the group parameter to (1) plugin-preferences.php or (2) plugin-settings.php in www/admin, a different vulnerability than CVE-2013-3514.",virtualMatchString
OpenX,OpenX,Ad Exchanges,CVE-2014-2230,5.8,MEDIUM,2014-10-23,Open redirect vulnerability in the header function in adclick.php in OpenX 2.8.10 and earlier allows remote attackers to redirect users to arbitrary web sites and conduct phishing attacks via a URL in the (1) dest parameter to adclick.php or (2) _maxdest parameter to ck.php.,virtualMatchString
OpenX,OpenX,Ad Exchanges,CVE-2013-4211,9.8,CRITICAL,2020-02-14,"A Code Execution Vulnerability exists in OpenX Ad Server 2.8.10 due to a backdoor in flowplayer-3.1.1.min.js library, which could let a remote malicious user execute arbitrary PHP code",virtualMatchString
Google,Google DoubleClick,Ad Exchanges,CVE-2014-8748,3.5,LOW,2014-10-13,"Cross-site scripting (XSS) vulnerability in the Google Doubleclick for Publishers (DFP) module 7.x-1.x before 7.x-1.2 for Drupal allows remote authenticated users with the ""administer dfp"" permission to inject arbitrary web script or HTML via a slot name.",keyword_vendor_product
district m,district M,Ad Exchanges,CVE-2014-6966,5.4,MEDIUM,2014-10-16,"The West Bend School District (aka net.parentlink.westbend) application 4.0.500 for Android does not verify X.509 certificates from SSL servers, which allows man-in-the-middle attackers to spoof servers and obtain sensitive information via a crafted certificate.",keyword_vendor_product
Adform,Adform,Ad Serving,CVE-2025-50891,7.2,HIGH,2025-08-19,The server-side backend for Adform Site Tracking before 2025-08-28 allows attackers to inject HTML or execute arbitrary code via cookie hijacking. NOTE: a customer does not need to take any action to update locally installed software (such as Adform Site Tracking 1.1).,keyword_vendor_product
